method,k,inertia,silhouette_score,davies_bouldin_score,calinski_harabasz_score
gmm,3,,0.7272082950142525,0.5835915678384781,8938.870730707167
gmm,4,,0.7120526389631714,0.5439367566629179,9410.36628557051
gmm,5,,0.7455950096508223,0.308940815449974,11579.629252027318
gmm,6,,0.6274197959975398,0.36766203471179976,9651.240141428472
gmm,7,,0.3922174049937971,0.6945636318813762,9730.624564103906
gmm,8,,0.3917456248755845,0.6401887606443748,9029.894267024378
