algorithm,silhouette_score,davies_bouldin_score,calinski_harabasz_score
kmeans,0.936980838064948,0.09560143000901547,74039.5674749265
gmm,0.936980838064948,0.09560143000901547,74039.5674749265
