method,k,inertia,silhouette_score,davies_bouldin_score,calinski_harabasz_score
kmeans,3,20665.576983013005,0.7272082950148484,0.5835915678384781,8938.870730707158
kmeans,4,14624.736902549095,0.7120526389642032,0.5439367566629179,9410.3662855705
kmeans,5,9680.544822376396,0.7455950096518826,0.30894081544997304,11579.629252027293
kmeans,6,6836.047699607235,0.44168478538816525,0.5693003040954395,13715.219479113975
kmeans,7,5282.557819750637,0.49265632336204535,0.5288274820007091,15140.978353588242
kmeans,8,4111.694153216993,0.5412435340091005,0.4954629653331394,16963.90404872253
