game_length_style,count,proportion
standard,25188,0.4891823655078656
long,12496,0.24268790056321615
short,11731,0.2278306467275199
very_long,2075,0.04029908720139833
