neutral_focus,count,proportion
dragon_focused,48386,0.9397164497960769
balanced,3027,0.058788114196931446
baron_focused,77,0.001495436006991649
