cluster_label,n_samples,proportion
0,5529,0.7679166666666667
1,666,0.0925
2,399,0.05541666666666667
3,357,0.04958333333333333
4,249,0.034583333333333334
